"__ccCluster","Color","GeneOfInterest","HighConfidence","incoming","MultiVariant","name","protein_name","selected","shared name","TopVariant"
"1","gray","N","N","N","N","ENSP00000355533","RYR2","false","ENSP00000355533","N"
"2","gray","N","N","N","N","ENSP00000443130","None","false","ENSP00000443130","N"
"3","gray","N","N","N","N","ENSP00000281146","C4orf33","false","ENSP00000281146","N"
"1","gray","N","N","N","N","ENSP00000220003","CSK","false","ENSP00000220003","N"
"2","gray","N","N","N","N","ENSP00000301761","SDHAF2","false","ENSP00000301761","N"
"1","gray","N","N","N","N","ENSP00000333984","TRDN","false","ENSP00000333984","N"
"1","gray","N","N","N","N","ENSP00000309591","PRKACA","false","ENSP00000309591","N"
"1","gray","N","N","N","N","ENSP00000226279","CD38","false","ENSP00000226279","N"
"1","gray","N","N","N","N","ENSP00000258083","PRADC1","false","ENSP00000258083","N"
"1","gray","N","N","N","N","ENSP00000293217","ACOX1","false","ENSP00000293217","N"
"1","gray","N","N","N","N","ENSP00000433528","DENND2B","false","ENSP00000433528","N"
"1","gray","N","N","N","N","ENSP00000399970","PPP2R2D","false","ENSP00000399970","N"
"1","orange","N","Y","ENSG00000140876","N","ENSP00000268533","NUDT7","false","ENSP00000268533","Y"
"1","gray","N","N","N","N","ENSP00000375656","ZNF816-ZNF321P","false","ENSP00000375656","N"
"1","gray","N","N","N","N","ENSP00000265171","EGF","false","ENSP00000265171","N"
"1","green","N","Y","ENSG00000146757","Y","ENSP00000332595","ZNF92","false","ENSP00000332595","N"
"1","gray","N","N","N","N","ENSP00000391601","PEX5","false","ENSP00000391601","N"
"1","gray","N","N","N","N","ENSP00000376077","SUMO1","false","ENSP00000376077","N"
"1","gray","N","N","N","N","ENSP00000431284","LPXN","false","ENSP00000431284","N"
"1","gray","N","N","N","N","ENSP00000343248","SBK1","false","ENSP00000343248","N"
"1","gray","N","N","N","N","ENSP00000376345","GRB2","false","ENSP00000376345","N"
"1","gray","N","N","N","N","ENSP00000409581","ARRB1","false","ENSP00000409581","N"
"1","gray","N","N","N","N","ENSP00000341189","PTK2","false","ENSP00000341189","N"
"1","gray","N","N","N","N","ENSP00000258662","NUDT15","false","ENSP00000258662","N"
"1","gray","N","N","N","N","ENSP00000315299","CALML3","false","ENSP00000315299","N"
"5","gray","N","N","N","N","ENSP00000454407","GOLGA6L2","false","ENSP00000454407","N"
"1","gray","N","N","N","N","ENSP00000444052","CES4A","false","ENSP00000444052","N"
"1","orange","N","Y","ENSG00000157322","N","ENSP00000484176","CLEC18A","false","ENSP00000484176","Y"
"1","gray","N","N","N","N","ENSP00000338207","LMO1","false","ENSP00000338207","N"
"1","green","N","Y","ENSG00000171813","Y","ENSP00000306324","PWWP2B","false","ENSP00000306324","N"
"1","gray","N","N","N","N","ENSP00000378702","BRD2","false","ENSP00000378702","N"
"1","gray","N","N","N","N","ENSP00000369689","CALML5","false","ENSP00000369689","N"
"5","gray","N","N","N","N","ENSP00000367913","FAM47C","false","ENSP00000367913","N"
"1","gray","N","N","ENSG00000184292","N","ENSP00000360269","TACSTD2","false","ENSP00000360269","N"
"1","gray","N","N","N","N","ENSP00000267257","PXN","false","ENSP00000267257","N"
"1","orange","N","Y","ENSG00000175356","N","ENSP00000310658","SCUBE2","false","ENSP00000310658","Y"
"1","gray","N","N","N","N","ENSP00000482609","","false","ENSP00000482609","N"
"1","gray","N","N","N","N","ENSP00000387261","PSTPIP2","false","ENSP00000387261","N"
"6","gray","N","N","N","N","ENSP00000360576","NDOR1","false","ENSP00000360576","N"
"1","gray","N","N","N","N","ENSP00000391669","BCAR1","false","ENSP00000391669","N"
"6","gray","N","N","N","N","ENSP00000419970","POR","false","ENSP00000419970","N"
"1","gray","N","N","N","N","ENSP00000378368","FLOT2","false","ENSP00000378368","N"
"1","gray","N","N","N","N","ENSP00000387535","IRGQ","false","ENSP00000387535","N"
"3","gray","N","N","N","N","ENSP00000261636","ARL1","false","ENSP00000261636","N"
"1","gray","N","N","N","N","ENSP00000291295","CALM3","false","ENSP00000291295","N"
"1","gray","N","N","N","N","ENSP00000349486","SCRIB","false","ENSP00000349486","N"
"1","gray","N","N","N","N","ENSP00000368876","TOGARAM2","false","ENSP00000368876","N"
"6","green","N","Y","ENSG00000186204","Y","ENSP00000448998","CYP4F12","false","ENSP00000448998","N"
"3","gray","N","N","N","N","ENSP00000282611","CATSPER3","false","ENSP00000282611","N"
"1","gray","N","N","N","N","ENSP00000353030","PTPRF","false","ENSP00000353030","N"
"1","green","N","Y","ENSG00000126243","Y","ENSP00000246529","LRFN3","false","ENSP00000246529","N"
"1","gray","N","N","N","N","ENSP00000401303","SHC1","false","ENSP00000401303","N"
"1","gray","N","N","N","N","ENSP00000331167","LMNTD2","false","ENSP00000331167","N"
"1","green","N","Y","ENSG00000198838","Y","ENSP00000489262","RYR3","false","ENSP00000489262","N"
"1","gray","N","N","N","N","ENSP00000366488","PRKACG","false","ENSP00000366488","N"
"1","gray","N","N","N","N","ENSP00000467537","PTPRS","false","ENSP00000467537","N"
"1","gray","N","N","N","N","ENSP00000295731","IHH","false","ENSP00000295731","N"
"1","gray","N","N","N","N","ENSP00000275560","SSC4D","false","ENSP00000275560","N"
"1","gray","N","N","N","N","ENSP00000497806","DLG4","false","ENSP00000497806","N"
"1","gray","N","N","N","N","ENSP00000363822","AR","false","ENSP00000363822","N"
"2","gray","N","N","N","N","ENSP00000414066","SDHAF3","false","ENSP00000414066","N"
"1","gray","N","N","N","N","ENSP00000350353","ETFBKMT","false","ENSP00000350353","N"
"2","orange","N","Y","ENSG00000154079","N","ENSP00000359505","SDHAF4","false","ENSP00000359505","Y"
"1","orange","N","Y","ENSG00000183310","N","ENSP00000330904","OR2T34","false","ENSP00000330904","Y"
"1","gray","N","N","N","N","ENSP00000305918","BRD3","false","ENSP00000305918","N"
"1","gray","N","N","N","N","ENSP00000253262","NUTM2F","false","ENSP00000253262","N"
"1","gray","N","N","N","N","ENSP00000370373","FKBP1B","false","ENSP00000370373","N"
"1","gray","N","N","N","N","ENSP00000388431","LYSET","false","ENSP00000388431","N"
"1","gray","N","N","N","N","ENSP00000259470","CTSV","false","ENSP00000259470","N"
"1","gray","N","N","N","N","ENSP00000263377","BRD4","false","ENSP00000263377","N"
"1","gray","N","N","N","N","ENSP00000383003","FKBP1A","false","ENSP00000383003","N"
"1","gray","N","N","N","N","ENSP00000307975","METTL18","false","ENSP00000307975","N"
"1","gray","N","N","N","N","ENSP00000385494","LHFPL7","false","ENSP00000385494","N"
"1","gray","N","N","N","N","ENSP00000497483","DHH","false","ENSP00000497483","N"
"1","gray","N","N","N","N","ENSP00000362592","RBBP4","false","ENSP00000362592","N"
"1","gray","N","N","N","N","ENSP00000295030","PEX13","false","ENSP00000295030","N"
"1","gray","N","N","N","N","ENSP00000275493","EGFR","false","ENSP00000275493","N"
"1","gray","N","N","N","N","ENSP00000345206","RBPJ","false","ENSP00000345206","N"
"1","gray","N","N","N","N","ENSP00000326366","PSEN1","false","ENSP00000326366","N"
"1","gray","N","N","N","N","ENSP00000355747","PSEN2","false","ENSP00000355747","N"
"1","gray","N","N","N","N","ENSP00000377561","","false","ENSP00000377561","N"
"1","gray","N","N","N","N","ENSP00000302961","HSPA4","false","ENSP00000302961","N"
"5","orange","N","Y","ENSG00000185958","N","ENSP00000329995","FAM186A","false","ENSP00000329995","Y"
"1","gray","N","N","N","N","ENSP00000248150","GNG13","false","ENSP00000248150","N"
"1","gray","N","N","N","N","ENSP00000230792","NUDT12","false","ENSP00000230792","N"
"1","gray","N","N","N","N","ENSP00000400157","B3GNT9","false","ENSP00000400157","N"
"1","gray","N","N","N","N","ENSP00000483921","SSBP2","false","ENSP00000483921","N"
"1","gray","N","N","N","N","ENSP00000477999","NOS1","false","ENSP00000477999","N"
"2","gray","N","N","N","N","ENSP00000368165","SDHAF1","false","ENSP00000368165","N"
"1","gray","N","N","N","N","ENSP00000452746","PSTPIP1","false","ENSP00000452746","N"
"1","gray","N","N","N","N","ENSP00000403701","ARRB2","false","ENSP00000403701","N"
"1","orange","N","Y","ENSG00000127947","N","ENSP00000248594","PTPN12","false","ENSP00000248594","Y"
"1","gray","N","N","N","N","ENSP00000260283","ARHGAP20","false","ENSP00000260283","N"
"1","gray","N","N","N","N","ENSP00000367872","GNB1","false","ENSP00000367872","N"
"1","gray","N","N","N","N","ENSP00000359719","PRKACB","false","ENSP00000359719","N"
"1","gray","N","N","N","N","ENSP00000297261","SHH","false","ENSP00000297261","N"
"1","gray","N","N","N","N","ENSP00000437125","HSPA8","false","ENSP00000437125","N"
"4","gray","N","N","N","N","ENSP00000257181","PRPF38A","false","ENSP00000257181","N"
"1","gray","N","N","N","N","ENSP00000498587","NOTCH1","false","ENSP00000498587","N"
"1","gray","N","N","N","N","ENSP00000454380","ANTKMT","false","ENSP00000454380","N"
"5","gray","N","N","N","N","ENSP00000308292","FAM170B","false","ENSP00000308292","N"
"4","gray","N","N","N","N","ENSP00000254759","COQ3","false","ENSP00000254759","N"
"1","gray","N","N","N","N","ENSP00000253024","TRIM28","false","ENSP00000253024","N"
"1","gray","N","N","N","N","ENSP00000357057","CASQ1","false","ENSP00000357057","N"
"1","gray","N","N","N","N","ENSP00000371345","METTL22","false","ENSP00000371345","N"
"1","gray","N","N","N","N","ENSP00000352608","RYR1","false","ENSP00000352608","N"
"1","gray","N","N","N","N","ENSP00000280362","PTS","false","ENSP00000280362","N"
"4","gray","N","N","N","N","ENSP00000355741","None","false","ENSP00000355741","N"
"1","orange","N","Y","ENSG00000144401","N","ENSP00000272839","METTL21A","false","ENSP00000272839","Y"
"1","gray","N","N","N","N","ENSP00000377708","ZSCAN25","false","ENSP00000377708","N"
"1","gray","N","N","N","N","ENSP00000368767","ASPH","false","ENSP00000368767","N"
"4","gray","N","N","N","N","ENSP00000315118","COQ8B","false","ENSP00000315118","N"
"4","orange","N","Y","ENSG00000133597","N","ENSP00000072869","ADCK2","false","ENSP00000072869","Y"
"1","gray","N","N","N","N","ENSP00000357829","EEF1AKMT2","false","ENSP00000357829","N"
"1","gray","N","N","N","N","ENSP00000261448","CASQ2","false","ENSP00000261448","N"
"1","gray","N","N","N","N","ENSP00000342790","FAM25A","false","ENSP00000342790","N"
"1","gray","N","N","N","N","ENSP00000319796","SERINC4","false","ENSP00000319796","N"
"1","gray","N","N","N","N","ENSP00000317578","GRK3","false","ENSP00000317578","N"
"1","gray","N","N","N","N","ENSP00000408058","NTMT2","false","ENSP00000408058","N"
"1","gray","N","N","N","N","ENSP00000349874","NUDT13","false","ENSP00000349874","N"
"1","green","N","Y","ENSG00000214562","Y","ENSP00000371116","NUTM2D","false","ENSP00000371116","N"
"1","gray","N","N","N","N","ENSP00000380251","NUDT19","false","ENSP00000380251","N"
"1","gray","N","N","N","N","ENSP00000312262","GRK2","false","ENSP00000312262","N"
"1","gray","N","N","N","N","ENSP00000304643","CALML6","false","ENSP00000304643","N"
"1","gray","N","N","N","N","ENSP00000371594","GNG7","false","ENSP00000371594","N"
"1","gray","N","N","N","N","ENSP00000246912","MLX","false","ENSP00000246912","N"
"1","gray","N","N","N","N","ENSP00000380638","PTK2B","false","ENSP00000380638","N"
"1","green","N","Y","ENSG00000108175","Y","ENSP00000334474","ZMIZ1","false","ENSP00000334474","N"
"1","gray","N","N","N","N","ENSP00000499797","","false","ENSP00000499797","N"
"1","gray","N","N","N","N","ENSP00000365569","FLOT1","false","ENSP00000365569","N"
"3","orange","N","Y","ENSG00000178395","N","ENSP00000355840","CCDC185","false","ENSP00000355840","Y"
"3","gray","N","N","N","N","ENSP00000340887","C5orf47","false","ENSP00000340887","N"
"2","gray","N","N","N","N","ENSP00000264932","SDHA","false","ENSP00000264932","N"
"1","gray","N","N","N","N","ENSP00000363228","RBM12","false","ENSP00000363228","N"
"1","gray","N","N","N","N","ENSP00000386184","FAM200C","false","ENSP00000386184","N"
"7","green","N","Y","ENSG00000171459","Y","ENSP00000304235","OR1L6","false","ENSP00000304235","N"
"1","gray","N","N","N","N","ENSP00000367658","ACTRT2","false","ENSP00000367658","N"
"1","gray","N","N","N","N","ENSP00000405965","SUMO2","false","ENSP00000405965","N"
"1","gray","N","N","N","N","ENSP00000269571","ERBB2","false","ENSP00000269571","N"
"1","gray","N","N","N","N","ENSP00000334051","GNAL","false","ENSP00000334051","N"
"1","gray","N","N","N","N","ENSP00000419081","CALML4","false","ENSP00000419081","N"
"1","gray","N","N","N","N","ENSP00000411960","HSD17B4","false","ENSP00000411960","N"
"1","gray","N","N","N","N","ENSP00000330862","OPCML","false","ENSP00000330862","N"
"1","gray","N","N","N","N","ENSP00000287078","TYSND1","false","ENSP00000287078","N"
"1","gray","N","N","N","N","ENSP00000403459","GRB7","false","ENSP00000403459","N"
"1","gray","N","N","N","N","ENSP00000362680","SRC","false","ENSP00000362680","N"
